Elementary Schools,Elementary Schools,Middle Schools,High Schools
CL,HH,WLJSH,WLJSH
CL,HH,WLJSH,WLJSH
CL,HH,WLJSH,WLJSH
CL,HH,WLJSH,WLJSH
CL,HH,WLJSH,WLJSH
CL,HH,WLJSH,WLJSH
CL,HH,WLJSH,WLJSH
CL,HH,WLJSH,WLJSH
CL,HH,WLJSH,WLJSH
CL,HH,WLJSH,WLJSH
CL,HH,WLJSH,WLJSH
CL,HH,WLJSH,WLJSH
CL,HH,WLJSH,WLJSH
CL,HH,WLJSH,WLJSH
CL,HH,WLJSH,WLJSH
CL,HH,WLJSH,WLJSH
CL,HH,WLJSH,WLJSH
CL,HH,WLJSH,WLJSH
Vinton,Vinton,Sunnyside,WLJSH
Vinton,Vinton,Sunnyside,Jefferson
Glenn Acres,Glenn Acres,Sunnyside,Jefferson
Glenn Acres,Glenn Acres,Sunnyside,Jefferson
Vinton,Vinton,Sunnyside,Jefferson
Vinton,Vinton,Sunnyside,Jefferson
Vinton,Vinton,Sunnyside,Jefferson
Glenn Acres,Glenn Acres,Sunnyside,Jefferson
Miller,Miller,Sunnyside,Jefferson
Miller,Miller,Sunnyside,Jefferson
Vinton,Vinton,Sunnyside,Jefferson
Glenn Acres,Glenn Acres,Sunnyside,Jefferson
Miller,Miller,Sunnyside,Jefferson
Murdock,Murdock,Sunnyside,Jefferson
Murdock,Murdock,Sunnyside,Jefferson
Murdock,Murdock,Sunnyside,Jefferson
Murdock,Murdock,Sunnyside,Jefferson
Miller,Miller,Tecumseh,Jefferson
Miller,Miller,Tecumseh,Jefferson
Miller,Miller,Tecumseh,Jefferson
Miller,Miller,Tecumseh,Jefferson
Miller,Miller,Sunnyside,Jefferson
Murdock,Murdock,Sunnyside,Jefferson
Oakland,Oakland,Tecumseh,Jefferson
Oakland,Oakland,Tecumseh,Jefferson
Oakland,Oakland,Tecumseh,Jefferson
Oakland,Oakland,Tecumseh,Jefferson
Oakland,Oakland,Sunnyside,Jefferson
Murdock,Murdock,Sunnyside,Jefferson
Murdock,Murdock,Sunnyside,Jefferson
Oakland,Oakland,Tecumseh,Jefferson
Oakland,Oakland,Tecumseh,Jefferson
Glenn Acres,Glenn Acres,Sunnyside,Jefferson
Glenn Acres,Glenn Acres,Sunnyside,Jefferson
Glenn Acres,Glenn Acres,Tecumseh,Jefferson
Edgelea,Edgelea,Tecumseh,Jefferson
Edgelea,Edgelea,Tecumseh,Jefferson
Miami,Miami,Tecumseh,Jefferson
Miami,Miami,Tecumseh,Jefferson
Earhart,Earhart,Tecumseh,Jefferson
Earhart,Earhart,Tecumseh,Jefferson
Edgelea,Edgelea,Tecumseh,Jefferson
Earhart,Earhart,Tecumseh,Jefferson
Edgelea,Edgelea,Tecumseh,Jefferson
Miami,Miami,Tecumseh,Jefferson
Miami,Miami,Tecumseh,Jefferson
Earhart,Earhart,Tecumseh,Jefferson
Earhart,Earhart,Tecumseh,Jefferson
Earhart,Earhart,Tecumseh,Jefferson
Earhart,Earhart,Tecumseh,Jefferson
Earhart,Earhart,Tecumseh,Jefferson
Earhart,Earhart,Tecumseh,Jefferson